document_ref,status,changed_at,changed_by
DOC001,Создан,2024-01-01 09:00,Иванов
DOC001,Согласование,2024-01-01 11:00,Петров
DOC001,Утверждён,2024-01-02 10:00,Сидоров
DOC001,Отправлен,2024-01-03 08:00,Иванов
DOC002,Создан,2024-01-02 10:00,Петров
DOC002,Согласование,2024-01-04 15:00,Сидоров
DOC002,Возврат,2024-01-05 09:00,Петров
DOC002,Согласование,2024-01-06 12:00,Сидоров
DOC002,Утверждён,2024-01-07 10:00,Иванов
DOC003,Создан,2024-01-03 14:00,Сидоров
DOC003,Согласование,2024-01-03 15:00,Иванов
DOC003,Утверждён,2024-01-03 16:00,Петров
